{
    "predict_remain": [
        97.43009533333331,
        90.00582299999998,
        93.068988,
        95.36127433333333,
        97.7308
    ],
    "real_remain": [
        1.0,
        0.0,
        0.4125964380541688,
        0.7177418753764719,
        0.9896162619283785
    ],
    "l1_sec": [
        96.43009533333331,
        90.00582299999998,
        92.65639156194584,
        94.64353245795685,
        96.74118373807163
    ],
    "l1_part": [
        93.21795916666665,
        93.64996200995134,
        9.835709620463163
    ],
    "l2_sec": [
        192.86019066666663,
        180.01164599999996,
        185.31278312389168,
        189.2870649159137,
        193.48236747614325
    ],
    "l2_part": [
        9.654944803916107,
        9.677291047082925,
        193.48236747614325
    ]
}